current_time,fl,fr
19:16:44,234,93
19:16:44,235,93
19:16:44,234,94
19:16:44,235,93
19:16:44,235,93
19:16:44,235,94
19:16:44,235,93
19:16:44,235,93
19:16:44,235,93
19:16:44,235,93
19:16:44,235,94
19:16:44,235,94
19:16:44,235,93
19:16:44,235,93
19:16:44,235,93
19:16:44,235,94
19:16:44,234,93
19:16:44,234,93
19:16:44,235,93
19:16:44,234,92
19:16:44,235,93
19:16:44,235,93
19:16:44,235,91
19:16:44,235,92
19:16:44,235,91
19:16:44,235,91
19:16:44,235,91
19:16:44,235,90
19:16:44,235,91
19:16:44,235,91
19:16:44,235,90
19:16:44,235,90
19:16:44,234,91
19:16:44,234,89
19:16:44,235,90
19:16:44,235,89
19:16:44,235,89
19:16:44,235,90
19:16:44,235,89
19:16:44,235,90
19:16:45,235,89
19:16:45,234,90
19:16:45,235,90
19:16:45,235,89
19:16:45,235,89
19:16:45,235,88
19:16:45,235,90
19:16:45,234,89
19:16:45,235,88
19:16:45,235,88
19:16:45,235,89
19:16:45,234,89
19:16:45,234,89
19:16:45,235,89
19:16:45,235,90
19:16:45,235,89
19:16:45,235,90
19:16:45,234,91
19:16:45,235,91
19:16:45,234,91
19:16:45,234,91
19:16:45,235,90
19:16:45,235,91
19:16:45,235,90
19:16:45,235,91
19:16:45,235,90
19:16:45,235,90
19:16:45,235,90
19:16:45,235,89
19:16:45,234,91
19:16:45,235,92
19:16:45,235,93
19:16:45,235,93
19:16:45,235,96
19:16:45,235,97
19:16:45,235,97
19:16:45,235,96
19:16:45,235,96
19:16:45,234,95
19:16:45,235,95
19:16:45,234,93
19:16:45,234,93
19:16:45,235,91
19:16:45,234,91
19:16:45,235,90
19:16:45,234,90
19:16:45,235,89
19:16:45,235,90
19:16:45,235,89
19:16:45,236,90
19:16:45,236,90
19:16:45,235,90
19:16:45,236,90
19:16:45,237,90
19:16:45,237,91
19:16:45,237,91
19:16:45,237,90
19:16:45,237,89
19:16:45,236,90
19:16:45,237,89
19:16:45,236,90
19:16:45,236,90
19:16:45,235,91
19:16:45,234,107
19:16:45,234,111
19:16:45,233,127
19:16:45,232,127
19:16:45,233,123
19:16:45,232,121
19:16:45,232,119
19:16:45,232,119
19:16:45,232,115
19:16:45,232,113
19:16:45,233,115
19:16:45,232,114
19:16:45,233,114
19:16:45,233,112
19:16:45,234,113
19:16:45,233,112
19:16:45,234,112
19:16:45,234,112
19:16:45,234,112
19:16:45,234,116
19:16:45,236,114
19:16:45,236,108
19:16:45,236,99
19:16:45,237,103
19:16:45,237,97
19:16:45,237,96
19:16:45,237,96
19:16:45,237,94
19:16:45,237,93
19:16:45,236,91
19:16:45,237,91
19:16:45,237,91
19:16:45,237,91
19:16:45,236,91
19:16:45,236,90
19:16:45,236,90
19:16:45,235,90
19:16:45,236,90
19:16:45,235,90
19:16:45,234,99
19:16:45,234,108
19:16:45,233,103
19:16:45,234,105
19:16:45,233,103
19:16:45,233,100
19:16:45,233,100
19:16:45,233,92
19:16:45,233,92
19:16:45,233,91
19:16:45,233,90
19:16:45,233,91
19:16:45,234,90
19:16:45,234,91
19:16:46,234,90
19:16:46,234,91
19:16:46,234,91
19:16:46,234,90
19:16:46,235,90
19:16:46,235,90
19:16:46,236,91
19:16:46,235,91
19:16:46,236,91
19:16:46,237,97
19:16:46,237,101
19:16:46,238,100
19:16:46,238,106
19:16:46,238,106
19:16:46,238,106
19:16:46,239,93
19:16:46,238,95
19:16:46,238,94
19:16:46,238,95
19:16:46,237,95
19:16:46,237,99
19:16:46,234,108
19:16:46,232,133
19:16:46,230,132
19:16:46,227,124
19:16:46,226,131
19:16:46,225,133
19:16:46,223,129
19:16:46,224,121
19:16:46,224,115
19:16:46,223,113
19:16:46,224,110
19:16:46,223,112
19:16:46,223,109
19:16:46,223,109
19:16:46,223,109
19:16:46,222,106
19:16:46,223,107
19:16:46,224,106
19:16:46,223,105
19:16:46,224,106
19:16:46,224,104
19:16:46,224,104
19:16:46,224,105
19:16:46,225,106
19:16:46,226,108
19:16:46,229,125
19:16:46,231,123
19:16:46,232,120
19:16:46,235,124
19:16:46,238,112
19:16:46,239,113
19:16:46,241,112
19:16:46,243,108
19:16:46,242,104
19:16:46,241,101
19:16:46,242,101
19:16:46,241,100
19:16:46,241,100
19:16:46,241,98
19:16:46,239,115
19:16:46,237,122
19:16:46,236,111
19:16:46,234,120
19:16:46,231,122
19:16:46,229,128
19:16:46,226,131
19:16:46,224,135
19:16:46,222,123
19:16:46,221,121
19:16:46,220,118
19:16:46,219,113
19:16:46,218,112
19:16:46,218,110
19:16:46,218,107
19:16:46,218,106
19:16:46,218,105
19:16:46,217,105
19:16:46,218,102
19:16:46,219,102
19:16:46,219,102
19:16:46,221,104
19:16:46,223,118
19:16:46,226,124
19:16:46,228,121
19:16:46,230,125
19:16:46,233,116
19:16:46,235,113
19:16:46,237,116
19:16:46,239,126
19:16:46,241,125
19:16:46,242,127
19:16:46,243,121
19:16:46,243,121
19:16:46,243,116
19:16:46,243,114
19:16:46,243,114
19:16:46,242,116
19:16:46,240,146
19:16:46,237,115
19:16:46,233,114
19:16:46,229,121
19:16:46,223,136
19:16:46,218,142
19:16:46,214,155
19:16:46,208,148
19:16:46,203,119
19:16:46,199,144
19:16:47,196,137
19:16:47,195,132
19:16:47,194,116
19:16:47,193,112
19:16:47,193,117
19:16:47,194,121
19:16:47,195,123
19:16:47,198,128
19:16:47,203,137
19:16:47,206,95
19:16:47,212,138
19:16:47,218,127
19:16:47,225,121
19:16:47,231,113
19:16:47,237,117
19:16:47,244,134
19:16:47,249,138
19:16:47,254,120
19:16:47,261,116
19:16:47,264,126
19:16:47,267,126
19:16:47,268,112
19:16:47,269,107
19:16:47,267,99
19:16:47,268,98
19:16:47,266,99
19:16:47,263,151
19:16:47,257,140
19:16:47,250,140
19:16:47,243,149
19:16:47,234,134
19:16:47,226,132
19:16:47,219,140
19:16:47,212,143
19:16:47,205,145
19:16:47,198,143
19:16:47,194,139
19:16:47,192,144
19:16:47,191,136
19:16:47,190,125
19:16:47,191,121
19:16:47,191,120
19:16:47,191,130
19:16:47,194,140
19:16:47,197,140
19:16:47,200,131
19:16:47,205,125
19:16:47,210,136
19:16:47,215,127
19:16:47,219,131
19:16:47,225,126
19:16:47,230,110
19:16:47,234,115
19:16:47,239,124
19:16:47,242,130
19:16:47,245,129
19:16:47,246,116
19:16:47,247,111
19:16:47,246,107
19:16:47,246,104
19:16:47,246,106
19:16:47,246,110
19:16:47,246,108
19:16:47,245,108
19:16:47,245,108
19:16:47,244,105
19:16:47,243,125
19:16:47,240,132
19:16:47,236,131
19:16:47,232,114
19:16:47,224,130
19:16:47,216,147
19:16:47,208,149
19:16:47,202,157
19:16:47,197,141
19:16:47,192,141
19:16:47,191,131
19:16:47,191,137
19:16:47,191,125
19:16:47,191,122
19:16:47,192,129
19:16:47,193,120
19:16:47,194,117
19:16:47,196,133
19:16:47,201,132
19:16:47,205,142
19:16:47,211,138
19:16:47,216,114
19:16:47,222,133
19:16:47,229,134
19:16:47,236,125
19:16:47,242,136
19:16:47,248,130
19:16:47,252,136
19:16:47,254,123
19:16:47,257,124
19:16:47,257,115
19:16:47,258,115
19:16:47,258,109
19:16:47,259,108
19:16:47,259,107
19:16:47,259,104
19:16:47,259,101
19:16:47,259,99
19:16:47,259,98
19:16:47,259,104
19:16:47,258,102
19:16:47,252,135
19:16:48,242,141
19:16:48,228,148
19:16:48,213,155
19:16:48,196,151
19:16:48,181,156
19:16:48,169,174
19:16:48,158,178
19:16:48,155,173
19:16:48,153,153
19:16:48,153,146
19:16:48,153,140
19:16:48,153,131
19:16:48,155,128
19:16:48,159,142
19:16:48,162,153
19:16:48,167,152
19:16:48,172,156
19:16:48,180,163
19:16:48,188,175
19:16:48,197,149
19:16:48,209,146
19:16:48,221,136
19:16:48,236,119
19:16:48,248,159
19:16:48,260,149
19:16:48,268,136
19:16:48,275,115
19:16:48,280,130
19:16:48,283,118
19:16:48,282,124
19:16:48,284,112
19:16:48,285,110
19:16:48,283,105
19:16:48,284,104
19:16:48,283,114
19:16:48,276,134
19:16:48,266,133
19:16:48,256,132
19:16:48,240,156
19:16:48,225,149
19:16:48,208,145
19:16:48,192,147
19:16:48,178,149
19:16:48,166,190
19:16:48,156,177
19:16:48,148,183
19:16:48,145,181
19:16:48,141,182
19:16:48,141,192
19:16:48,141,160
19:16:48,141,149
19:16:48,142,151
19:16:48,148,172
19:16:48,156,182
19:16:48,165,149
19:16:48,177,159
19:16:48,190,161
19:16:48,203,146
19:16:48,215,138
19:16:48,228,116
19:16:48,240,124
19:16:48,250,141
19:16:48,258,129
19:16:48,264,125
19:16:48,271,117
19:16:48,275,116
19:16:48,275,108
19:16:48,275,115
19:16:48,275,111
19:16:48,275,104
19:16:48,275,102
19:16:48,276,101
19:16:48,274,105
19:16:48,272,110
19:16:48,268,109
19:16:48,263,130
19:16:48,254,124
19:16:48,243,142
19:16:48,230,128
19:16:48,216,128
19:16:48,201,162
19:16:48,185,145
19:16:48,171,152
19:16:48,161,173
19:16:48,154,167
19:16:48,148,172
19:16:48,147,179
19:16:48,146,170
19:16:48,145,174
19:16:48,145,156
19:16:48,145,146
19:16:48,147,141
19:16:48,150,172
19:16:48,156,164
19:16:48,162,151
19:16:48,173,156
19:16:48,185,163
19:16:48,196,148
19:16:48,208,146
19:16:48,221,128
19:16:48,234,117
19:16:48,247,138
19:16:48,257,136
19:16:49,263,123
19:16:49,270,115
19:16:49,275,121
19:16:49,277,130
19:16:49,278,113
19:16:49,279,114
19:16:49,279,106
19:16:49,278,105
19:16:49,278,108
19:16:49,278,106
19:16:49,274,130
19:16:49,267,121
19:16:49,257,132
19:16:49,244,153
19:16:49,228,161
19:16:49,212,146
19:16:49,195,140
19:16:49,178,161
19:16:49,162,167
19:16:49,150,167
19:16:49,138,172
19:16:49,128,185
19:16:49,122,190
19:16:49,118,198
19:16:49,118,178
19:16:49,119,166
19:16:49,119,158
19:16:49,124,171
19:16:49,133,181
19:16:49,145,170
19:16:49,160,152
19:16:49,173,160
19:16:49,189,160
19:16:49,203,135
19:16:49,217,150
19:16:49,230,127
19:16:49,241,132
19:16:49,250,117
19:16:49,260,128
19:16:49,266,114
19:16:49,270,119
19:16:49,272,123
19:16:49,275,122
19:16:49,274,120
19:16:49,273,115
19:16:49,275,110
19:16:49,275,112
19:16:49,273,113
19:16:49,274,116
19:16:49,272,133
19:16:49,266,117
19:16:49,258,130
19:16:49,245,138
19:16:49,229,158
19:16:49,212,140
19:16:49,194,152
19:16:49,174,151
19:16:49,157,146
19:16:49,141,167
19:16:49,128,147
19:16:49,118,172
19:16:49,115,175
19:16:49,113,200
19:16:49,111,177
19:16:49,113,156
19:16:49,113,152
19:16:49,117,176
19:16:49,126,172
19:16:49,137,174
19:16:49,151,154
19:16:49,167,156
19:16:49,182,163
19:16:49,196,136
19:16:49,210,117
19:16:49,224,136
19:16:49,236,118
19:16:49,247,130
19:16:49,256,123
19:16:49,264,116
19:16:49,269,125
19:16:49,272,128
19:16:49,274,129
19:16:49,274,114
19:16:49,276,111
19:16:49,276,103
19:16:49,276,102
19:16:49,277,99
19:16:49,276,101
19:16:49,276,97
19:16:49,274,126
19:16:49,267,126
19:16:49,257,131
19:16:49,242,146
19:16:49,225,140
19:16:49,205,140
19:16:49,184,144
19:16:49,163,157
19:16:49,145,151
19:16:49,128,176
19:16:49,114,174
19:16:49,103,199
19:16:49,98,193
19:16:49,97,202
19:16:49,96,181
19:16:49,96,171
19:16:49,97,160
19:16:49,101,202
19:16:50,112,184
19:16:50,126,184
19:16:50,140,148
19:16:50,155,165
19:16:50,173,157
19:16:50,187,156
19:16:50,202,140
19:16:50,216,144
19:16:50,230,122
19:16:50,240,132
19:16:50,250,130
19:16:50,260,123
19:16:50,265,108
19:16:50,270,110
19:16:50,271,109
19:16:50,271,119
19:16:50,271,105
19:16:50,272,103
19:16:50,272,98
19:16:50,271,102
19:16:50,272,97
19:16:50,270,98
19:16:50,271,128
19:16:50,269,121
19:16:50,261,124
19:16:50,250,138
19:16:50,235,155
19:16:50,218,119
19:16:50,200,126
19:16:50,179,147
19:16:50,162,167
19:16:50,145,166
19:16:50,131,164
19:16:50,119,168
19:16:50,114,183
19:16:50,112,174
19:16:50,113,165
19:16:50,112,140
19:16:50,114,131
19:16:50,120,169
19:16:50,132,185
19:16:50,146,159
19:16:50,159,159
19:16:50,176,146
19:16:50,191,149
19:16:50,203,148
19:16:50,218,99
19:16:50,228,134
19:16:50,239,118
19:16:50,249,126
19:16:50,259,117
19:16:50,266,123
19:16:50,271,108
19:16:50,274,117
19:16:50,275,115
19:16:50,277,113
19:16:50,275,108
19:16:50,276,105
19:16:50,275,101
19:16:50,276,103
19:16:50,276,97
19:16:50,274,137
19:16:50,267,125
19:16:50,259,134
19:16:50,245,144
19:16:50,230,133
19:16:50,211,142
19:16:50,195,122
19:16:50,173,154
19:16:50,156,162
19:16:50,139,159
19:16:50,125,159
19:16:50,116,181
19:16:50,112,178
19:16:50,113,170
19:16:50,113,153
19:16:50,113,142
19:16:50,117,167
19:16:50,127,158
19:16:50,138,162
19:16:50,152,168
19:16:50,167,141
19:16:50,181,148
19:16:50,193,146
19:16:50,205,132
19:16:50,216,114
19:16:50,226,126
19:16:50,236,127
19:16:50,244,133
19:16:50,251,132
19:16:50,257,116
19:16:50,260,110
19:16:50,261,110
19:16:50,262,104
19:16:50,263,103
19:16:50,264,102
19:16:50,263,100
19:16:50,263,97
19:16:50,263,94
19:16:50,263,92
19:16:50,263,94
19:16:50,262,126
19:16:50,257,127
19:16:50,248,135
19:16:50,233,141
19:16:50,216,136
19:16:50,199,138
19:16:50,182,152
19:16:51,165,154
19:16:51,151,159
19:16:51,138,162
19:16:51,129,111
19:16:51,125,160
19:16:51,122,163
19:16:51,123,161
19:16:51,122,144
19:16:51,124,138
19:16:51,127,142
19:16:51,136,155
19:16:51,146,145
19:16:51,156,145
19:16:51,169,150
19:16:51,183,153
19:16:51,194,131
19:16:51,206,138
19:16:51,218,117
19:16:51,229,116
19:16:51,238,130
19:16:51,247,112
19:16:51,256,117
19:16:51,261,122
19:16:51,264,115
19:16:51,268,113
19:16:51,270,116
19:16:51,270,108
19:16:51,270,106
19:16:51,271,100
19:16:51,271,99
19:16:51,270,96
19:16:51,269,124
19:16:51,265,124
19:16:51,257,128
19:16:51,243,136
19:16:51,224,135
19:16:51,203,144
19:16:51,182,155
19:16:51,158,142
19:16:51,135,169
19:16:51,114,160
19:16:51,96,194
19:16:51,88,200
19:16:51,86,232
19:16:51,86,198
19:16:51,84,159
19:16:51,87,144
19:16:51,89,164
19:16:51,98,205
19:16:51,112,182
19:16:51,128,163
19:16:51,146,153
19:16:51,167,138
19:16:51,184,147
19:16:51,200,141
19:16:51,216,104
19:16:51,229,123
19:16:51,241,121
19:16:51,253,134
19:16:51,263,129
19:16:51,272,117
19:16:51,275,132
19:16:51,276,128
19:16:51,277,109
19:16:51,278,117
19:16:51,277,110
19:16:51,277,105
19:16:51,278,103
19:16:51,278,101
19:16:51,278,104
19:16:51,277,124
19:16:51,272,123
19:16:51,262,144
19:16:51,244,139
19:16:51,222,128
19:16:51,200,137
19:16:51,173,93
19:16:51,150,143
19:16:51,127,156
19:16:51,104,159
19:16:51,89,178
19:16:51,83,187
19:16:51,82,231
19:16:51,81,179
19:16:51,81,166
19:16:51,84,159
19:16:51,87,180
19:16:51,97,184
19:16:51,113,164
19:16:51,133,160
19:16:51,152,148
19:16:51,172,152
19:16:51,191,156
19:16:51,206,150
19:16:51,220,134
19:16:51,234,119
19:16:51,247,126
19:16:51,257,128
19:16:51,267,131
19:16:51,275,119
19:16:51,277,127
19:16:51,279,116
19:16:51,281,111
19:16:51,280,112
19:16:51,280,106
19:16:51,281,103
19:16:51,280,103
19:16:51,280,130
19:16:51,278,149
19:16:52,270,129
19:16:52,257,126
19:16:52,239,135
19:16:52,219,142
19:16:52,197,133
19:16:52,171,150
19:16:52,146,144
19:16:52,124,163
19:16:52,101,162
19:16:52,86,186
19:16:52,82,183
19:16:52,81,191
19:16:52,81,201
19:16:52,80,163
19:16:52,82,165
19:16:52,88,183
19:16:52,99,145
19:16:52,114,153
19:16:52,132,159
19:16:52,151,154
19:16:52,171,141
19:16:52,189,165
19:16:52,204,140
19:16:52,217,128
19:16:52,230,118
19:16:52,240,121
19:16:52,251,128
19:16:52,261,121
19:16:52,266,125
19:16:52,271,116
19:16:52,273,114
19:16:52,273,119
19:16:52,272,109
19:16:52,273,104
19:16:52,272,102
19:16:52,272,101
19:16:52,272,104
19:16:52,272,114
19:16:52,268,129
19:16:52,258,122
19:16:52,244,123
19:16:52,224,141
19:16:52,203,127
19:16:52,179,155
19:16:52,152,144
19:16:52,130,182
19:16:52,108,148
19:16:52,91,182
19:16:52,83,181
19:16:52,80,183
19:16:52,80,182
19:16:52,81,151
19:16:52,83,144
19:16:52,86,179
19:16:52,96,163
19:16:52,109,158
19:16:52,127,168
19:16:52,146,157
19:16:52,165,152
19:16:52,185,155
19:16:52,201,145
19:16:52,216,138
19:16:52,233,123
19:16:52,248,133
19:16:52,263,120
19:16:52,274,129
19:16:52,283,133
19:16:52,289,130
19:16:52,293,117
19:16:52,294,120
19:16:52,295,118
19:16:52,295,106
19:16:52,294,97
19:16:52,295,96
19:16:52,294,149
19:16:52,290,123
19:16:52,282,124
19:16:52,266,129
19:16:52,248,118
19:16:52,230,130
19:16:52,207,121
19:16:52,183,140
19:16:52,160,148
19:16:52,139,166
19:16:52,113,158
19:16:52,91,192
19:16:52,79,192
19:16:52,75,188
19:16:52,75,212
19:16:52,75,170
19:16:52,77,181
19:16:52,81,171
19:16:52,93,184
19:16:52,109,189
19:16:52,128,165
19:16:52,148,150
19:16:52,168,150
19:16:52,187,138
19:16:52,203,138
19:16:52,217,135
19:16:52,231,112
19:16:52,243,117
19:16:52,253,121
19:16:52,263,109
19:16:52,271,114
19:16:52,275,116
19:16:52,277,104
19:16:52,279,120
19:16:52,279,113
19:16:53,280,106
19:16:53,279,100
19:16:53,279,99
19:16:53,280,94
19:16:53,279,96
19:16:53,277,120
19:16:53,269,124
19:16:53,254,137
19:16:53,234,130
19:16:53,211,129
19:16:53,186,137
19:16:53,162,155
19:16:53,140,154
19:16:53,122,161
19:16:53,108,159
19:16:53,100,170
19:16:53,100,158
19:16:53,100,150
19:16:53,100,135
19:16:53,104,138
19:16:53,113,155
19:16:53,127,153
19:16:53,142,149
19:16:53,160,143
19:16:53,176,159
19:16:53,191,121
19:16:53,203,136
19:16:53,216,135
19:16:53,226,116
19:16:53,235,118
19:16:53,243,113
19:16:53,250,117
19:16:53,256,106
19:16:53,257,108
19:16:53,259,100
19:16:53,260,99
19:16:53,260,105
19:16:53,260,99
19:16:53,260,96
19:16:53,260,94
19:16:53,260,95
19:16:53,259,95
19:16:53,258,108
19:16:53,253,121
19:16:53,247,117
19:16:53,233,117
19:16:53,217,122
19:16:53,197,137
19:16:53,177,156
19:16:53,157,144
19:16:53,141,168
19:16:53,127,152
19:16:53,119,176
19:16:53,115,163
19:16:53,115,165
19:16:53,115,132
19:16:53,114,122
19:16:53,118,119
19:16:53,126,145
19:16:53,138,128
19:16:53,149,143
19:16:53,164,139
19:16:53,178,144
19:16:53,191,132
19:16:53,201,94
19:16:53,210,126
19:16:53,218,109
19:16:53,225,116
19:16:53,231,116
19:16:53,238,115
19:16:53,241,109
19:16:53,242,109
19:16:53,242,100
19:16:53,243,107
19:16:53,243,103
19:16:53,243,98
19:16:53,243,96
19:16:53,242,97
19:16:53,243,96
19:16:53,242,96
19:16:53,243,98
19:16:53,243,126
19:16:53,240,126
19:16:53,234,124
19:16:53,221,124
19:16:53,205,125
19:16:53,186,127
19:16:53,169,126
19:16:53,156,147
19:16:53,145,157
19:16:53,140,147
19:16:53,138,155
19:16:53,139,131
19:16:53,139,119
19:16:53,140,121
19:16:53,145,117
19:16:53,152,140
19:16:53,160,143
19:16:53,168,139
19:16:53,178,113
19:16:53,188,138
19:16:53,198,93
19:16:53,206,118
19:16:53,214,125
19:16:53,222,128
19:16:53,230,124
19:16:53,237,116
19:16:53,241,114
19:16:53,243,113
19:16:54,246,107
19:16:54,246,101
19:16:54,247,100
19:16:54,247,101
19:16:54,247,95
19:16:54,247,94
19:16:54,247,95
19:16:54,247,94
19:16:54,246,112
19:16:54,240,122
19:16:54,232,114
19:16:54,221,136
19:16:54,209,118
19:16:54,197,123
19:16:54,187,121
19:16:54,179,133
19:16:54,171,160
19:16:54,168,135
19:16:54,166,141
19:16:54,166,120
19:16:54,166,114
19:16:54,167,112
19:16:54,167,108
19:16:54,170,107
19:16:54,175,126
19:16:54,180,128
19:16:54,186,127
19:16:54,193,108
19:16:54,198,116
19:16:54,203,114
19:16:54,210,124
19:16:54,216,118
19:16:54,220,104
19:16:54,225,116
19:16:54,228,111
19:16:54,230,100
19:16:54,233,105
19:16:54,234,103
19:16:54,234,103
19:16:54,234,100
19:16:54,234,98
19:16:54,235,99
19:16:54,234,98
19:16:54,235,96
19:16:54,234,96
19:16:54,234,112
19:16:54,234,126
19:16:54,234,116
19:16:54,234,120
19:16:54,234,104
19:16:54,234,108
19:16:54,234,118
19:16:54,234,118
19:16:54,234,115
19:16:54,234,114
19:16:54,234,107
19:16:54,234,105
19:16:54,235,103
19:16:54,234,101
19:16:54,234,102
19:16:54,235,99
19:16:54,234,97
19:16:54,234,98
19:16:54,234,98
19:16:54,234,97
19:16:54,234,95
19:16:54,234,95
19:16:54,234,95
19:16:54,234,96
19:16:54,235,95
19:16:54,234,97
19:16:54,234,95
19:16:54,235,95
19:16:54,235,94
19:16:54,236,95
19:16:54,236,95
19:16:54,235,98
19:16:54,236,100
19:16:54,236,101
19:16:54,235,100
19:16:54,235,100
19:16:54,235,98
19:16:54,236,100
19:16:54,236,98
19:16:54,236,98
19:16:54,234,100
19:16:54,233,99
19:16:54,231,100
19:16:54,229,97
19:16:54,229,96
19:16:54,228,98
19:16:54,227,97
19:16:54,226,98
19:16:54,227,96
19:16:54,226,97
19:16:54,227,97
19:16:54,227,105
19:16:54,227,111
19:16:54,226,103
19:16:54,227,108
19:16:54,227,96
19:16:54,227,101
19:16:54,227,112
19:16:54,227,119
19:16:54,227,111
19:16:54,226,120
19:16:54,226,111
19:16:54,227,102
19:16:54,226,114
19:16:54,226,106
19:16:54,227,106
19:16:55,227,110
19:16:55,227,114
19:16:55,227,105
19:16:55,227,106
19:16:55,226,108
19:16:55,227,106
19:16:55,226,105
19:16:55,226,105
19:16:55,227,104
19:16:55,227,105
19:16:55,227,104
19:16:55,227,103
19:16:55,227,103
19:16:55,227,102
19:16:55,226,101
19:16:55,226,100
19:16:55,227,101
19:16:55,227,100
19:16:55,226,100
19:16:55,226,101
19:16:55,225,100
19:16:55,225,101
19:16:55,224,101
19:16:55,223,100
19:16:55,222,100
19:16:55,221,100
19:16:55,222,101
19:16:55,221,100
19:16:55,221,100
19:16:55,221,102
19:16:55,221,102
19:16:55,221,102
19:16:55,220,104
19:16:55,222,103
19:16:55,221,103
19:16:55,221,105
19:16:55,222,107
19:16:55,221,104
19:16:55,221,106
19:16:55,222,100
19:16:55,221,99
19:16:55,221,109
19:16:55,221,97
19:16:55,221,97
19:16:55,221,100
19:16:55,221,97
19:16:55,221,96
19:16:55,221,97
19:16:55,221,95
19:16:55,222,94
19:16:55,222,93
19:16:55,221,93
19:16:55,221,92
19:16:55,221,93
19:16:55,222,91
19:16:55,221,93
19:16:55,222,93
19:16:55,221,93
19:16:55,221,91
19:16:55,222,92
19:16:55,221,90
19:16:55,222,91
19:16:55,222,90
19:16:55,222,90
19:16:55,223,90
19:16:55,223,96
19:16:55,224,98
19:16:55,225,97
19:16:55,226,108
19:16:55,227,104
19:16:55,228,112
19:16:55,227,96
19:16:55,228,104
19:16:55,228,105
19:16:55,227,102
19:16:55,228,99
19:16:55,228,99
19:16:55,228,100
19:16:55,227,100
19:16:55,227,100
19:16:55,223,113
19:16:55,219,115
19:16:55,216,119
19:16:55,210,120
19:16:55,207,124
19:16:55,202,124
19:16:55,200,120
19:16:55,196,121
19:16:55,197,103
19:16:55,196,99
19:16:55,197,96
19:16:55,196,98
19:16:55,197,93
19:16:55,198,93
19:16:55,201,108
19:16:55,204,108
19:16:55,208,121
19:16:55,213,111
19:16:55,219,122
19:16:55,225,128
19:16:55,231,112
19:16:55,237,118
19:16:55,243,108
19:16:55,249,107
19:16:55,253,121
19:16:55,258,125
19:16:55,261,107
19:16:55,263,110
19:16:55,263,110
19:16:55,263,109
19:16:56,263,101
19:16:56,262,98
19:16:56,262,95
19:16:56,256,94
19:16:56,251,128
19:16:56,243,122
19:16:56,236,102
19:16:56,227,106
19:16:56,220,117
19:16:56,213,119
19:16:56,205,117
19:16:56,198,120
19:16:56,193,118
19:16:56,185,122
19:16:56,182,123
19:16:56,181,120
19:16:56,180,108
19:16:56,179,100
19:16:56,180,99
19:16:56,181,95
19:16:56,185,121
19:16:56,191,105
19:16:56,196,109
19:16:56,204,114
19:16:56,212,129
19:16:56,221,119
19:16:56,228,115
19:16:56,236,110
19:16:56,243,114
19:16:56,249,120
19:16:56,256,110
19:16:56,261,113
19:16:56,266,120
19:16:56,271,117
19:16:56,272,120
19:16:56,274,115
19:16:56,275,112
19:16:56,275,111
19:16:56,275,103
19:16:56,275,98
19:16:56,274,99
19:16:56,270,105
19:16:56,256,142
19:16:56,238,122
19:16:56,220,122
19:16:56,202,119
19:16:56,185,124
19:16:56,175,120
19:16:56,166,135
19:16:56,160,126
19:16:56,158,112
19:16:56,158,123
19:16:56,158,115
19:16:56,159,114
19:16:56,162,110
19:16:56,167,114
19:16:56,173,113
19:16:56,181,122
19:16:56,188,128
19:16:56,196,109
19:16:56,203,121
19:16:56,210,113
19:16:56,217,117
19:16:56,224,120
19:16:56,230,101
19:16:56,237,109
19:16:56,242,121
19:16:56,246,112
19:16:56,250,109
19:16:56,251,120
19:16:56,253,114
19:16:56,255,111
19:16:56,256,111
19:16:56,256,108
19:16:56,256,103
19:16:56,256,103
19:16:56,256,100
19:16:56,256,96
19:16:56,256,95
19:16:56,250,100
19:16:56,238,142
19:16:56,222,131
19:16:56,206,106
19:16:56,196,129
19:16:56,185,114
19:16:56,177,129
19:16:56,170,125
19:16:56,167,111
19:16:56,166,103
19:16:56,166,95
19:16:56,166,93
19:16:56,167,96
19:16:56,166,93
19:16:56,169,91
19:16:56,172,97
19:16:56,175,111
19:16:56,181,118
19:16:56,187,114
19:16:56,191,110
19:16:56,195,111
19:16:56,200,113
19:16:56,204,104
19:16:56,207,107
19:16:56,213,106
19:16:56,219,107
19:16:56,224,111
19:16:56,229,118
19:16:56,233,112
19:16:56,237,116
19:16:57,240,111
19:16:57,242,119
19:16:57,244,109
19:16:57,244,109
19:16:57,244,110
19:16:57,245,105
19:16:57,245,104
19:16:57,246,103
19:16:57,245,103
19:16:57,245,101
19:16:57,245,100
19:16:57,241,99
19:16:57,231,107
19:16:57,214,117
19:16:57,197,109
19:16:57,184,125
19:16:57,176,124
19:16:57,169,116
19:16:57,166,111
19:16:57,165,103
19:16:57,166,93
19:16:57,166,92
19:16:57,167,92
19:16:57,170,89
19:16:57,172,96
19:16:57,176,103
19:16:57,179,113
19:16:57,182,102
19:16:57,186,111
19:16:57,191,115
19:16:57,195,121
19:16:57,200,107
19:16:57,204,120
19:16:57,210,110
19:16:57,216,104
19:16:57,221,106
19:16:57,226,113
19:16:57,230,110
19:16:57,233,102
19:16:57,236,112
19:16:57,239,108
19:16:57,242,105
19:16:57,245,108
19:16:57,247,109
19:16:57,248,109
19:16:57,248,102
19:16:57,248,96
19:16:57,247,95
19:16:57,247,92
19:16:57,246,92
19:16:57,241,92
19:16:57,235,121
19:16:57,226,104
19:16:57,219,116
19:16:57,209,113
19:16:57,202,116
19:16:57,196,114
19:16:57,189,118
19:16:57,183,119
19:16:57,179,122
19:16:57,177,108
19:16:57,176,125
19:16:57,176,109
19:16:57,175,112
19:16:57,177,106
19:16:57,181,111
19:16:57,185,107
19:16:57,189,114
19:16:57,196,109
19:16:57,203,115
19:16:57,210,105
19:16:57,219,114
19:16:57,229,110
19:16:57,239,108
19:16:57,248,117
19:16:57,259,112
19:16:57,266,131
19:16:57,273,117
19:16:57,277,106
19:16:57,280,113
19:16:57,280,107
19:16:57,281,98
19:16:57,280,94
19:16:57,280,93
19:16:57,277,92
19:16:57,271,144
19:16:57,260,116
19:16:57,246,123
19:16:57,233,125
19:16:57,219,124
19:16:57,203,119
19:16:57,190,119
19:16:57,180,134
19:16:57,170,125
19:16:57,165,129
19:16:57,162,111
19:16:57,162,137
19:16:57,161,110
19:16:57,161,107
19:16:57,164,103
19:16:57,169,133
19:16:57,175,130
19:16:57,183,116
19:16:57,190,109
19:16:58,199,115
19:16:58,207,123
19:16:58,214,117
19:16:58,223,113
19:16:58,229,114
19:16:58,236,105
19:16:58,243,116
19:16:58,249,108
19:16:58,255,113
19:16:58,261,113
19:16:58,263,107
19:16:58,266,109
19:16:58,267,113
19:16:58,269,108
19:16:58,270,109
19:16:58,270,92
19:16:58,270,92
19:16:58,270,88
19:16:58,269,86
19:16:58,261,95
19:16:58,248,128
19:16:58,230,125
19:16:58,212,131
19:16:58,196,112
19:16:58,182,123
19:16:58,170,131
19:16:58,161,127
19:16:58,157,133
19:16:58,154,128
19:16:58,154,112
19:16:58,155,105
19:16:58,156,110
19:16:58,158,105
19:16:58,162,106
19:16:58,168,114
19:16:58,173,110
19:16:58,183,112
19:16:58,191,120
19:16:58,199,124
19:16:58,207,116
19:16:58,216,122
19:16:58,225,114
19:16:58,233,111
19:16:58,242,119
19:16:58,250,111
19:16:58,258,123
19:16:58,263,108
19:16:58,268,114
19:16:58,270,106
19:16:58,273,103
19:16:58,273,109
19:16:58,274,106
19:16:58,274,100
19:16:58,274,96
19:16:58,273,92
19:16:58,268,102
19:16:58,254,121
19:16:58,240,113
19:16:58,224,134
19:16:58,208,115
19:16:58,197,119
19:16:58,184,126
19:16:58,175,127
19:16:58,168,115
19:16:58,163,103
19:16:58,160,131
19:16:58,161,117
19:16:58,160,106
19:16:58,160,104
19:16:58,161,109
19:16:58,163,106
19:16:58,169,115
19:16:58,174,118
19:16:58,182,116
19:16:58,191,105
19:16:58,200,117
19:16:58,208,112
19:16:58,218,117
19:16:58,228,104
19:16:58,237,107
19:16:58,247,116
19:16:58,256,110
19:16:58,263,112
19:16:58,269,116
19:16:58,274,114
19:16:58,277,114
19:16:58,278,118
19:16:58,278,112
19:16:58,279,103
19:16:58,279,97
19:16:58,280,93
19:16:58,279,94
19:16:58,273,103
19:16:58,257,121
19:16:58,239,119
19:16:58,220,118
19:16:58,201,113
19:16:58,184,125
19:16:58,169,118
19:16:58,157,128
19:16:58,149,128
19:16:58,147,120
19:16:58,145,128
19:16:58,145,111
19:16:58,146,109
19:16:58,150,106
19:16:58,157,128
19:16:58,167,117
19:16:59,175,115
19:16:59,188,106
19:16:59,199,115
19:16:59,210,114
19:16:59,221,113
19:16:59,231,112
19:16:59,239,114
19:16:59,245,116
19:16:59,252,115
19:16:59,258,124
19:16:59,264,117
19:16:59,267,108
19:16:59,271,103
19:16:59,273,104
19:16:59,274,107
19:16:59,274,106
19:16:59,274,100
19:16:59,274,96
19:16:59,274,96
19:16:59,273,108
19:16:59,263,124
19:16:59,250,115
19:16:59,237,129
19:16:59,223,126
19:16:59,210,104
19:16:59,196,113
19:16:59,184,113
19:16:59,172,129
19:16:59,161,119
19:16:59,154,136
19:16:59,149,130
19:16:59,147,119
19:16:59,147,104
19:16:59,147,100
19:16:59,148,99
19:16:59,152,99
19:16:59,158,122
19:16:59,168,124
19:16:59,179,116
19:16:59,192,119
19:16:59,203,113
19:16:59,217,116
19:16:59,230,107
19:16:59,240,115
19:16:59,251,113
19:16:59,258,114
19:16:59,265,111
19:16:59,270,114
19:16:59,274,113
19:16:59,277,109
19:16:59,278,124
19:16:59,280,121
19:16:59,279,106
19:16:59,279,101
19:16:59,280,98
19:16:59,279,97
19:16:59,279,94
19:16:59,275,100
19:16:59,265,116
19:16:59,250,125
19:16:59,231,124
19:16:59,211,129
19:16:59,193,110
19:16:59,176,120
19:16:59,161,114
19:16:59,149,116
19:16:59,142,132
19:16:59,135,121
19:16:59,134,131
19:16:59,135,121
19:16:59,135,118
19:16:59,138,112
19:16:59,145,117
19:16:59,154,119
19:16:59,166,121
19:16:59,177,109
19:16:59,191,110
19:16:59,204,124
19:16:59,219,120
19:16:59,232,114
19:16:59,244,105
19:16:59,254,118
19:16:59,263,122
19:16:59,271,106
19:16:59,276,116
19:16:59,280,112
19:16:59,283,116
19:16:59,285,111
19:16:59,284,108
19:16:59,285,100
19:16:59,284,96
19:16:59,284,91
19:16:59,284,89
19:16:59,277,138
19:16:59,265,128
19:16:59,249,126
19:16:59,231,120
19:16:59,216,127
19:16:59,201,114
19:16:59,188,130
19:16:59,176,124
19:16:59,167,120
19:16:59,160,124
19:16:59,157,123
19:16:59,156,122
19:16:59,155,110
19:16:59,157,105
19:16:59,157,104
19:17:00,160,102
19:17:00,165,121
19:17:00,172,118
19:17:00,181,100
19:17:00,192,117
19:17:00,203,119
19:17:00,215,118
19:17:00,227,117
19:17:00,238,106
19:17:00,248,117
19:17:00,257,117
19:17:00,263,124
19:17:00,268,109
19:17:00,271,118
19:17:00,273,102
19:17:00,273,102
19:17:00,272,96
19:17:00,272,94
19:17:00,272,90
19:17:00,273,89
19:17:00,271,88
19:17:00,266,95
19:17:00,261,117
19:17:00,253,106
19:17:00,245,110
19:17:00,236,120
19:17:00,226,114
19:17:00,215,105
19:17:00,202,115
19:17:00,189,119
19:17:00,176,119
19:17:00,166,118
19:17:00,157,125
19:17:00,151,128
19:17:00,149,116
19:17:00,149,118
19:17:00,150,111
19:17:00,151,109
19:17:00,155,107
19:17:00,161,118
19:17:00,171,108
19:17:00,182,109
19:17:00,193,115
19:17:00,205,112
19:17:00,218,115
19:17:00,231,115
19:17:00,243,108
19:17:00,252,121
19:17:00,261,104
19:17:00,268,107
19:17:00,272,114
19:17:00,275,111
19:17:00,277,109
19:17:00,277,104
19:17:00,278,103
19:17:00,278,102
19:17:00,278,96
19:17:00,278,95
19:17:00,276,92
19:17:00,272,92
19:17:00,263,114
19:17:00,249,112
19:17:00,232,118
19:17:00,216,120
19:17:00,200,115
19:17:00,185,136
19:17:00,172,130
19:17:00,162,124
19:17:00,156,123
19:17:00,152,121
19:17:00,149,115
19:17:00,151,102
19:17:00,151,103
19:17:00,154,101
19:17:00,158,120
19:17:00,166,111
19:17:00,176,104
19:17:00,185,107
19:17:00,197,124
19:17:00,209,124
19:17:00,220,116
19:17:00,232,108
19:17:00,242,114
19:17:00,250,114
19:17:00,256,117
19:17:00,261,112
19:17:00,264,113
19:17:00,267,100
19:17:00,269,96
19:17:00,269,95
19:17:00,269,100
19:17:00,269,97
19:17:00,269,94
19:17:00,269,91
19:17:00,269,90
19:17:00,268,90
19:17:00,264,90
19:17:00,261,112
19:17:00,251,114
19:17:00,241,124
19:17:00,230,114
19:17:00,217,119
19:17:00,202,113
19:17:00,187,123
19:17:00,172,128
19:17:00,159,120
19:17:00,150,125
19:17:00,146,113
19:17:00,144,122
19:17:01,143,116
19:17:01,145,107
19:17:01,147,109
19:17:01,155,126
19:17:01,165,121
19:17:01,175,112
19:17:01,190,108
19:17:01,202,117
19:17:01,217,111
19:17:01,231,109
19:17:01,243,113
19:17:01,251,109
19:17:01,259,108
19:17:01,264,119
19:17:01,266,107
19:17:01,270,113
19:17:01,271,101
19:17:01,272,99
19:17:01,272,92
19:17:01,272,91
19:17:01,271,89
19:17:01,272,86
19:17:01,272,84
19:17:01,271,83
19:17:01,271,86
19:17:01,269,85
19:17:01,264,114
19:17:01,254,118
19:17:01,241,116
19:17:01,226,114
19:17:01,208,106
19:17:01,193,121
19:17:01,176,120
19:17:01,161,115
19:17:01,151,135
19:17:01,145,123
19:17:01,143,118
19:17:01,141,123
19:17:01,142,120
19:17:01,144,114
19:17:01,149,120
19:17:01,160,117
19:17:01,170,128
19:17:01,181,118
19:17:01,193,113
19:17:01,206,110
19:17:01,219,106
19:17:01,231,117
19:17:01,241,106
19:17:01,250,112
19:17:01,257,128
19:17:01,263,105
19:17:01,267,105
19:17:01,270,111
19:17:01,273,113
19:17:01,273,99
19:17:01,273,110
19:17:01,274,100
19:17:01,274,96
19:17:01,273,94
19:17:01,272,94
19:17:01,269,107
19:17:01,261,117
19:17:01,250,116
19:17:01,236,119
19:17:01,224,116
19:17:01,209,109
19:17:01,196,115
19:17:01,185,121
19:17:01,173,125
19:17:01,163,116
19:17:01,156,117
19:17:01,151,126
19:17:01,149,120
19:17:01,149,106
19:17:01,150,98
19:17:01,151,104
19:17:01,153,101
19:17:01,158,121
19:17:01,166,104
19:17:01,174,112
19:17:01,184,112
19:17:01,196,112
19:17:01,208,111
19:17:01,220,110
19:17:01,232,114
19:17:01,243,102
19:17:01,252,117
19:17:01,260,125
19:17:01,266,109
19:17:01,271,114
19:17:01,274,110
19:17:01,276,104
19:17:01,277,108
19:17:01,277,111
19:17:01,277,104
19:17:01,277,100
19:17:01,277,99
19:17:01,277,99
19:17:01,273,103
19:17:01,262,116
19:17:01,250,114
19:17:01,238,116
19:17:01,225,120
19:17:01,212,112
19:17:01,200,117
19:17:01,187,120
19:17:01,176,125
19:17:02,168,112
19:17:02,160,105
19:17:02,156,118
19:17:02,155,118
19:17:02,154,113
19:17:02,154,104
19:17:02,155,106
19:17:02,158,106
19:17:02,161,131
19:17:02,170,120
19:17:02,177,105
19:17:02,187,105
19:17:02,199,117
19:17:02,210,108
19:17:02,219,120
19:17:02,230,109
19:17:02,239,108
19:17:02,246,115
19:17:02,251,113
19:17:02,256,112
19:17:02,261,114
19:17:02,264,104
19:17:02,265,101
19:17:02,266,104
19:17:02,266,107
19:17:02,267,98
19:17:02,267,93
19:17:02,267,91
19:17:02,266,90
19:17:02,267,87
19:17:02,267,85
19:17:02,266,85
19:17:02,258,137
19:17:02,246,116
19:17:02,230,116
19:17:02,213,114
19:17:02,197,123
19:17:02,183,122
19:17:02,169,126
19:17:02,159,132
19:17:02,152,132
19:17:02,147,125
19:17:02,148,132
19:17:02,148,120
19:17:02,148,120
19:17:02,150,116
19:17:02,154,114
19:17:02,160,111
19:17:02,169,122
19:17:02,179,118
19:17:02,191,121
19:17:02,202,120
19:17:02,213,110
19:17:02,223,117
19:17:02,233,114
19:17:02,242,103
19:17:02,248,116
19:17:02,254,115
19:17:02,260,119
19:17:02,263,109
19:17:02,265,100
19:17:02,266,108
19:17:02,266,101
19:17:02,267,99
19:17:02,266,95
19:17:02,266,95
19:17:02,266,92
19:17:02,266,92
19:17:02,266,90
19:17:02,266,90
19:17:02,265,90
19:17:02,256,130
19:17:02,243,128
19:17:02,226,117
19:17:02,207,114
19:17:02,192,119
19:17:02,179,129
19:17:02,166,117
19:17:02,158,131
19:17:02,152,128
19:17:02,149,116
19:17:02,150,106
19:17:02,149,102
19:17:02,150,97
19:17:02,151,100
19:17:02,155,98
19:17:02,160,106
19:17:02,166,122
19:17:02,172,115
19:17:02,184,102
19:17:02,193,111
19:17:02,202,122
19:17:02,211,106
19:17:02,220,109
19:17:02,229,108
19:17:02,237,103
19:17:02,244,120
19:17:02,249,120
19:17:02,255,107
19:17:02,258,113
19:17:02,262,108
19:17:02,262,102
19:17:02,265,104
19:17:02,265,105
19:17:02,265,100
19:17:02,265,98
19:17:02,266,97
19:17:02,265,96
19:17:02,265,94
19:17:03,264,94
19:17:03,264,93
19:17:03,259,96
19:17:03,248,117
19:17:03,232,122
19:17:03,210,111
19:17:03,190,125
19:17:03,171,126
19:17:03,156,128
19:17:03,146,130
19:17:03,140,143
19:17:03,139,84
19:17:03,138,97
19:17:03,138,95
19:17:03,139,101
19:17:03,144,97
19:17:03,148,120
19:17:03,156,125
19:17:03,162,116
19:17:03,172,125
19:17:03,183,121
19:17:03,192,117
19:17:03,202,116
19:17:03,212,110
19:17:03,223,116
19:17:03,233,102
19:17:03,241,115
19:17:03,249,117
19:17:03,257,124
19:17:03,261,108
19:17:03,263,112
19:17:03,264,102
19:17:03,264,97
19:17:03,264,92
19:17:03,264,93
19:17:03,264,90
19:17:03,264,88
19:17:03,264,89
19:17:03,264,90
19:17:03,264,90
19:17:03,264,90
19:17:03,264,90
19:17:03,258,124
19:17:03,247,120
19:17:03,228,111
19:17:03,208,110
19:17:03,189,123
19:17:03,172,130
19:17:03,159,123
19:17:03,151,130
19:17:03,148,130
19:17:03,147,127
19:17:03,147,114
19:17:03,149,106
19:17:03,151,107
19:17:03,155,108
19:17:03,161,120
19:17:03,169,121
19:17:03,175,124
19:17:03,183,120
19:17:03,192,103
19:17:03,200,116
19:17:03,208,109
19:17:03,216,109
19:17:03,224,118
19:17:03,231,110
19:17:03,239,111
19:17:03,245,112
19:17:03,251,113
19:17:03,254,107
19:17:03,257,112
19:17:03,259,111
19:17:03,260,100
19:17:03,261,99
19:17:03,261,94
19:17:03,261,93
19:17:03,260,92
19:17:03,261,89
19:17:03,261,88
19:17:03,260,88
19:17:03,258,99
19:17:03,252,120
19:17:03,240,121
19:17:03,227,119
19:17:03,208,108
19:17:03,192,133
19:17:03,178,118
19:17:03,165,132
19:17:03,157,127
19:17:03,153,116
19:17:03,152,125
19:17:03,152,116
19:17:03,152,109
19:17:03,154,110
19:17:03,157,108
19:17:03,161,117
19:17:03,167,108
19:17:03,171,124
19:17:03,180,124
19:17:03,188,122
19:17:03,194,115
19:17:03,203,117
19:17:03,213,110
19:17:03,221,115
19:17:03,231,111
19:17:03,239,102
19:17:03,247,110
19:17:03,253,109
19:17:03,257,116
19:17:03,261,114
19:17:04,263,105
19:17:04,264,99
19:17:04,264,94
19:17:04,264,95
19:17:04,265,93
19:17:04,264,91
19:17:04,264,89
19:17:04,264,87
19:17:04,264,85
19:17:04,264,83
19:17:04,261,91
19:17:04,253,108
19:17:04,239,110
19:17:04,219,123
19:17:04,199,114
19:17:04,181,119
19:17:04,167,120
19:17:04,156,135
19:17:04,150,129
19:17:04,149,137
19:17:04,148,114
19:17:04,149,108
19:17:04,150,107
19:17:04,152,103
19:17:04,156,104
19:17:04,161,125
19:17:04,165,112
19:17:04,170,119
19:17:04,176,118
19:17:04,183,118
19:17:04,189,100
19:17:04,196,115
19:17:04,205,110
19:17:04,215,115
19:17:04,223,112
19:17:04,232,107
19:17:04,240,114
19:17:04,247,109
19:17:04,252,112
19:17:04,255,105
19:17:04,257,108
19:17:04,259,108
19:17:04,259,103
19:17:04,260,103
19:17:04,260,99
19:17:04,260,97
19:17:04,260,94
19:17:04,259,93
19:17:04,259,93
19:17:04,260,93
19:17:04,258,92
19:17:04,252,127
19:17:04,246,113
19:17:04,233,119
19:17:04,220,111
19:17:04,202,112
19:17:04,186,126
19:17:04,173,120
19:17:04,160,134
19:17:04,153,125
19:17:04,152,139
19:17:04,152,87
19:17:04,151,92
19:17:04,153,85
19:17:04,155,78
19:17:04,158,82
19:17:04,163,133
19:17:04,168,109
19:17:04,173,125
19:17:04,181,127
19:17:04,186,125
19:17:04,192,118
19:17:04,200,123
19:17:04,207,110
19:17:04,217,121
19:17:04,226,119
19:17:04,234,97
19:17:04,241,116
19:17:04,248,109
19:17:04,252,119
19:17:04,255,103
19:17:04,258,110
19:17:04,259,109
19:17:04,260,104
19:17:04,260,104
19:17:04,259,101
19:17:04,260,100
19:17:04,260,98
19:17:04,259,101
19:17:04,259,101
19:17:04,254,99
19:17:04,248,108
19:17:04,238,115
19:17:04,222,111
19:17:04,205,119
19:17:04,190,131
19:17:04,177,129
19:17:04,167,132
19:17:04,161,127
19:17:04,158,119
19:17:04,158,126
19:17:04,158,102
19:17:04,159,105
19:17:04,160,110
19:17:04,163,112
19:17:04,167,118
19:17:04,171,130
19:17:04,175,124
19:17:04,180,118
19:17:05,185,119
19:17:05,191,112
19:17:05,198,114
19:17:05,207,106
19:17:05,216,115
19:17:05,225,117
19:17:05,234,97
19:17:05,241,111
19:17:05,248,118
19:17:05,252,114
19:17:05,254,102
19:17:05,256,105
19:17:05,257,108
19:17:05,257,105
19:17:05,257,104
19:17:05,257,101
19:17:05,257,101
19:17:05,257,100
19:17:05,257,98
19:17:05,257,97
19:17:05,256,98
19:17:05,253,97
19:17:05,244,124
19:17:05,231,124
19:17:05,213,122
19:17:05,195,120
19:17:05,180,120
19:17:05,166,138
19:17:05,158,138
19:17:05,154,119
19:17:05,155,124
19:17:05,155,128
19:17:05,154,129
19:17:05,156,117
19:17:05,159,114
19:17:05,163,125
19:17:05,167,126
19:17:05,173,111
19:17:05,181,128
19:17:05,186,130
19:17:05,193,115
19:17:05,201,113
19:17:05,211,109
19:17:05,220,119
19:17:05,230,108
19:17:05,239,111
19:17:05,249,115
19:17:05,255,110
19:17:05,258,110
19:17:05,261,116
19:17:05,262,104
19:17:05,261,101
19:17:05,262,96
19:17:05,262,95
19:17:05,262,95
19:17:05,261,96
19:17:05,262,96
19:17:05,261,99
19:17:05,262,96
19:17:05,260,102
19:17:05,253,110
19:17:05,245,117
19:17:05,231,127
19:17:05,213,110
19:17:05,196,119
19:17:05,182,117
19:17:05,170,134
19:17:05,161,128
19:17:05,159,130
19:17:05,157,123
19:17:05,156,100
19:17:05,157,94
19:17:05,157,100
19:17:05,161,109
19:17:05,163,108
19:17:05,169,110
19:17:05,173,123
19:17:05,179,114
19:17:05,187,112
19:17:05,193,114
19:17:05,201,117
19:17:05,210,119
19:17:05,218,113
19:17:05,227,109
19:17:05,235,105
19:17:05,242,109
19:17:05,248,119
19:17:05,251,104
19:17:05,252,113
19:17:05,254,116
19:17:05,255,102
19:17:05,255,101
19:17:05,254,99
19:17:05,255,98
19:17:05,255,96
19:17:05,255,96
19:17:05,255,98
19:17:05,254,100
19:17:05,255,100
19:17:05,253,106
19:17:05,244,108
19:17:05,232,130
19:17:05,215,102
19:17:05,196,116
19:17:05,178,113
19:17:06,161,114
19:17:06,150,141
19:17:06,142,132
19:17:06,139,138
19:17:06,139,133
19:17:06,139,118
19:17:06,141,118
19:17:06,147,110
19:17:06,155,134
19:17:06,165,133
19:17:06,174,121
19:17:06,187,116
19:17:06,198,116
19:17:06,210,124
19:17:06,220,122
19:17:06,232,116
19:17:06,241,110
19:17:06,251,124
19:17:06,258,123
19:17:06,264,118
19:17:06,268,105
19:17:06,272,106
19:17:06,273,104
19:17:06,272,98
19:17:06,273,96
19:17:06,272,94
19:17:06,272,96
19:17:06,272,95
19:17:06,272,103
19:17:06,271,115
19:17:06,266,117
19:17:06,258,121
19:17:06,243,125
19:17:06,225,117
19:17:06,204,111
19:17:06,184,114
19:17:06,168,129
19:17:06,154,111
19:17:06,146,127
19:17:06,144,132
19:17:06,142,83
19:17:06,143,74
19:17:06,142,80
19:17:06,145,74
19:17:06,146,74
19:17:06,153,137
19:17:06,159,115
19:17:06,168,118
19:17:06,177,114
19:17:06,187,105
19:17:06,197,109
19:17:06,206,106
19:17:06,217,117
19:17:06,226,107
19:17:06,235,109
19:17:06,244,114
19:17:06,250,118
19:17:06,257,112
19:17:06,262,117
19:17:06,265,110
19:17:06,268,112
19:17:06,269,102
19:17:06,269,98
19:17:06,269,96
19:17:06,270,96
19:17:06,270,91
19:17:06,269,89
19:17:06,269,88
19:17:06,269,88
19:17:06,266,96
19:17:06,259,107
19:17:06,243,118
19:17:06,221,117
19:17:06,197,114
19:17:06,171,121
19:17:06,149,123
19:17:06,134,133
19:17:06,120,135
19:17:06,112,133
19:17:06,111,124
19:17:06,110,114
19:17:06,113,115
19:17:06,122,114
19:17:06,136,136
19:17:06,151,99
19:17:06,162,128
19:17:06,175,121
19:17:06,191,103
19:17:06,206,108
19:17:06,221,110
19:17:06,233,110
19:17:06,243,97
19:17:06,252,118
19:17:06,262,112
19:17:06,268,109
19:17:06,274,104
19:17:06,276,114
19:17:06,281,120
19:17:06,282,121
19:17:06,282,102
19:17:06,283,101
19:17:06,283,96
19:17:06,282,96
19:17:06,282,97
19:17:06,281,116
19:17:06,275,117
19:17:06,266,114
19:17:06,254,122
19:17:06,235,130
19:17:07,213,120
19:17:07,189,128
19:17:07,166,128
19:17:07,147,138
19:17:07,135,154
19:17:07,125,157
19:17:07,120,135
19:17:07,120,116
19:17:07,120,111
19:17:07,123,114
19:17:07,132,135
19:17:07,144,133
19:17:07,156,120
19:17:07,171,124
19:17:07,183,130
19:17:07,196,108
19:17:07,211,116
19:17:07,224,108
19:17:07,237,118
19:17:07,247,116
19:17:07,257,110
19:17:07,264,118
19:17:07,270,105
19:17:07,273,112
19:17:07,277,104
19:17:07,278,106
19:17:07,278,98
19:17:07,279,102
19:17:07,279,99
19:17:07,278,98
19:17:07,279,94
19:17:07,279,94
19:17:07,279,92
19:17:07,278,98
19:17:07,277,103
19:17:07,272,117
19:17:07,261,119
19:17:07,244,122
19:17:07,219,119
19:17:07,192,125
19:17:07,167,114
19:17:07,145,118
19:17:07,131,136
19:17:07,121,135
19:17:07,116,143
19:17:07,114,129
19:17:07,115,130
19:17:07,118,124
19:17:07,128,132
19:17:07,141,132
19:17:07,154,115
19:17:07,167,123
19:17:07,181,128
19:17:07,195,108
19:17:07,208,124
19:17:07,222,113
19:17:07,234,117
19:17:07,244,110
19:17:07,253,110
19:17:07,261,106
19:17:07,264,109
19:17:07,268,111
19:17:07,270,100
19:17:07,273,99
19:17:07,272,103
19:17:07,273,95
19:17:07,272,93
19:17:07,272,90
19:17:07,272,89
19:17:07,272,89
19:17:07,272,89
19:17:07,271,102
19:17:07,267,109
19:17:07,260,111
19:17:07,250,117
19:17:07,234,120
19:17:07,217,116
19:17:07,197,121
19:17:07,179,122
19:17:07,161,122
19:17:07,150,122
19:17:07,143,114
19:17:07,141,128
19:17:07,139,89
19:17:07,140,95
19:17:07,141,93
19:17:07,145,89
19:17:07,149,123
19:17:07,156,119
19:17:07,162,121
19:17:07,170,116
19:17:07,178,125
19:17:07,187,124
19:17:07,194,123
19:17:07,204,107
19:17:07,211,113
19:17:07,219,116
19:17:07,226,107
19:17:07,232,108
19:17:07,238,116
19:17:07,240,115
19:17:07,243,105
19:17:07,243,98
19:17:07,243,93
19:17:07,243,91
19:17:07,243,91
19:17:07,243,92
19:17:07,242,89
19:17:07,241,110
19:17:07,240,100
19:17:08,238,109
19:17:08,237,105
19:17:08,235,109
19:17:08,231,108
19:17:08,227,104
19:17:08,221,119
19:17:08,214,115
19:17:08,206,108
19:17:08,199,101
19:17:08,193,116
19:17:08,188,113
19:17:08,185,120
19:17:08,184,118
19:17:08,183,106
19:17:08,184,104
19:17:08,184,110
19:17:08,184,101
19:17:08,185,100
19:17:08,187,99
19:17:08,188,100
19:17:08,190,99
19:17:08,190,98
19:17:08,192,98
19:17:08,193,118
19:17:08,194,107
19:17:08,196,106
19:17:08,197,113
19:17:08,199,106
19:17:08,201,109
19:17:08,202,109
19:17:08,204,99
19:17:08,204,99
19:17:08,205,106
19:17:08,206,104
19:17:08,207,96
19:17:08,206,93
19:17:08,206,93
19:17:08,206,93
19:17:08,206,91
19:17:08,206,91
19:17:08,206,89
19:17:08,207,91
19:17:08,206,92
19:17:08,207,91
19:17:08,206,91
19:17:08,206,90
19:17:08,206,90
19:17:08,206,92
19:17:08,206,91
19:17:08,206,90
19:17:08,206,89
19:17:08,205,89
19:17:08,205,88
19:17:08,206,89
19:17:08,206,89
19:17:08,206,87
19:17:08,205,87
19:17:08,205,88
19:17:08,206,87
19:17:08,205,88
19:17:08,206,88
19:17:08,205,88
19:17:08,206,87
19:17:08,206,87
19:17:08,206,87
19:17:08,206,87
19:17:08,206,87
19:17:08,205,87
19:17:08,206,87
19:17:08,206,88
19:17:08,205,87
19:17:08,206,86
19:17:08,206,88
19:17:08,206,89
19:17:08,205,88
19:17:08,206,114
19:17:08,206,116
19:17:08,206,112
19:17:08,206,106
19:17:08,206,119
19:17:08,206,108
19:17:08,206,104
19:17:08,206,99
19:17:08,207,104
19:17:08,207,101
19:17:08,210,110
19:17:08,213,104
19:17:08,215,108
19:17:08,216,105
19:17:08,217,101
19:17:08,219,101
19:17:08,220,101
19:17:08,221,111
19:17:08,222,115
19:17:08,223,108
19:17:08,223,118
19:17:08,223,112
19:17:08,223,113
19:17:08,224,108
19:17:08,223,107
19:17:08,223,104
19:17:08,224,116
19:17:08,224,105
19:17:08,225,101
19:17:08,227,96
19:17:08,228,96
19:17:08,229,99
19:17:08,230,100
19:17:08,231,96
19:17:08,231,94
19:17:08,230,95
19:17:08,230,94
19:17:08,231,94
19:17:09,230,93
19:17:09,231,91
19:17:09,231,94
19:17:09,231,93
19:17:09,232,93
19:17:09,232,93
19:17:09,233,91
19:17:09,233,91
19:17:09,233,91
19:17:09,233,91
19:17:09,233,90
19:17:09,233,89
19:17:09,234,90
19:17:09,234,89
19:17:09,234,89
19:17:09,234,89
19:17:09,234,90
19:17:09,234,91
19:17:09,234,91
19:17:09,234,93
19:17:09,234,94
19:17:09,234,93
19:17:09,234,92
19:17:09,235,91
19:17:09,234,92
19:17:09,235,92
19:17:09,235,91
19:17:09,235,90
19:17:09,237,91
19:17:09,237,90
19:17:09,237,90
19:17:09,238,91
19:17:09,237,91
19:17:09,237,91
19:17:09,237,90
19:17:09,237,89
19:17:09,237,98
19:17:09,238,97
19:17:09,237,103
19:17:09,237,105
19:17:09,237,102
19:17:09,236,112
19:17:09,238,123
19:17:09,237,124
19:17:09,235,121
19:17:09,233,128
19:17:09,231,110
19:17:09,227,107
19:17:09,226,129
19:17:09,225,111
19:17:09,225,107
19:17:09,224,106
19:17:09,225,115
19:17:09,225,112
19:17:09,225,109
19:17:09,225,113
19:17:09,227,127
19:17:09,230,113
19:17:09,233,109
19:17:09,236,109
19:17:09,240,109
19:17:09,246,112
19:17:09,251,111
19:17:09,257,114
19:17:09,263,113
19:17:09,267,108
19:17:09,271,115
19:17:09,273,118
19:17:09,273,106
19:17:09,273,104
19:17:09,273,101
19:17:09,272,124
19:17:09,269,126
19:17:09,258,116
19:17:09,244,120
19:17:09,230,133
19:17:09,218,135
19:17:09,209,147
19:17:09,203,150
19:17:09,201,144
19:17:09,200,152
19:17:09,200,154
19:17:09,200,145
19:17:09,201,132
19:17:09,202,126
19:17:09,202,122
19:17:09,206,146
19:17:09,212,156
19:17:09,219,148
19:17:09,226,135
19:17:09,234,128
19:17:09,241,117
19:17:09,249,131
19:17:09,257,112
19:17:09,264,112
19:17:09,271,116
19:17:09,275,110
19:17:09,279,109
19:17:09,282,126
19:17:09,284,111
19:17:09,285,110
19:17:09,286,96
19:17:09,286,94
19:17:09,287,89
19:17:09,286,87
19:17:09,287,88
19:17:09,286,135
19:17:09,283,138
19:17:09,272,109
19:17:09,256,128
19:17:09,237,126
19:17:10,222,136
19:17:10,210,145
19:17:10,201,157
19:17:10,195,146
19:17:10,193,167
19:17:10,192,175
19:17:10,191,164
19:17:10,191,154
19:17:10,191,144
19:17:10,192,152
19:17:10,193,147
19:17:10,197,150
19:17:10,201,158
19:17:10,206,140
19:17:10,212,155
19:17:10,217,138
19:17:10,223,133
19:17:10,231,130
19:17:10,239,121
19:17:10,248,115
19:17:10,256,115
19:17:10,264,113
19:17:10,271,97
19:17:10,275,110
19:17:10,279,108
19:17:10,283,110
19:17:10,285,112
19:17:10,286,106
19:17:10,289,112
19:17:10,289,103
19:17:10,288,95
19:17:10,288,91
19:17:10,289,88
19:17:10,289,90
19:17:10,288,133
19:17:10,287,120
19:17:10,280,128
19:17:10,268,114
19:17:10,250,136
19:17:10,229,134
19:17:10,204,144
19:17:10,184,150
19:17:10,168,153
19:17:10,159,165
19:17:10,157,184
19:17:10,157,173
19:17:10,158,152
19:17:10,164,134
19:17:10,171,141
19:17:10,178,158
19:17:10,186,153
19:17:10,193,154
19:17:10,201,141
19:17:10,206,153
19:17:10,215,152
19:17:10,219,136
19:17:10,225,136
19:17:10,233,125
19:17:10,241,120
19:17:10,250,112
19:17:10,258,126
19:17:10,265,117
19:17:10,270,98
19:17:10,272,100
19:17:10,274,109
19:17:10,275,108
19:17:10,276,100
19:17:10,276,93
19:17:10,276,95
19:17:10,277,93
19:17:10,276,94
19:17:10,276,99
19:17:10,276,103
19:17:10,277,98
19:17:10,277,95
19:17:10,276,96
19:17:10,277,100
19:17:10,277,134
19:17:10,272,131
19:17:10,260,131
19:17:10,242,131
19:17:10,218,138
19:17:10,194,148
19:17:10,171,153
19:17:10,155,169
19:17:10,148,180
19:17:10,148,172
19:17:10,151,155
19:17:10,158,135
19:17:10,170,141
19:17:10,179,153
19:17:10,187,155
19:17:10,195,147
19:17:10,203,144
19:17:10,212,143
19:17:10,218,156
19:17:10,225,132
19:17:10,230,102
19:17:10,236,125
19:17:10,243,115
19:17:10,250,121
19:17:10,257,120
19:17:10,262,121
19:17:10,267,101
19:17:10,270,107
19:17:10,271,105
19:17:10,271,111
19:17:10,271,105
19:17:11,272,102
19:17:11,272,101
19:17:11,271,104
19:17:11,272,103
19:17:11,272,102
19:17:11,272,102
19:17:11,273,102
19:17:11,273,102
19:17:11,272,103
19:17:11,273,132
19:17:11,272,121
19:17:11,260,121
19:17:11,241,128
19:17:11,219,128
19:17:11,197,154
19:17:11,182,160
19:17:11,174,153
19:17:11,171,152
19:17:11,173,161
19:17:11,174,146
19:17:11,180,130
19:17:11,184,125
19:17:11,186,125
19:17:11,188,152
19:17:11,193,143
19:17:11,197,98
19:17:11,201,151
19:17:11,207,156
19:17:11,212,157
19:17:11,217,142
19:17:11,224,118
19:17:11,232,124
19:17:11,241,104
19:17:11,250,119
19:17:11,258,115
19:17:11,264,112
19:17:11,267,116
19:17:11,269,105
19:17:11,271,99
19:17:11,271,95
19:17:11,272,97
19:17:11,273,102
19:17:11,273,102
19:17:11,274,104
19:17:11,274,95
19:17:11,274,101
19:17:11,274,104
19:17:11,275,106
19:17:11,275,101
19:17:11,274,97
19:17:11,275,114
19:17:11,269,121
19:17:11,255,110
19:17:11,236,120
19:17:11,213,122
19:17:11,191,139
19:17:11,176,157
19:17:11,167,145
19:17:11,164,163
19:17:11,165,165
19:17:11,167,111
19:17:11,172,107
19:17:11,179,108
19:17:11,183,138
19:17:11,189,157
19:17:11,195,152
19:17:11,201,145
19:17:11,208,152
19:17:11,216,144
19:17:11,223,132
19:17:11,230,111
19:17:11,238,125
19:17:11,248,117
19:17:11,257,115
19:17:11,264,117
19:17:11,271,100
19:17:11,274,121
19:17:11,276,116
19:17:11,277,105
19:17:11,276,113
19:17:11,277,106
19:17:11,277,104
19:17:11,278,100
19:17:11,277,97
19:17:11,277,101
19:17:11,278,102
19:17:11,278,122
19:17:11,278,132
19:17:11,276,121
19:17:11,267,116
19:17:11,252,118
19:17:11,231,128
19:17:11,209,127
19:17:11,190,132
19:17:11,176,152
19:17:11,170,168
19:17:11,169,159
19:17:11,170,156
19:17:11,172,132
19:17:11,178,125
19:17:11,184,123
19:17:11,187,138
19:17:11,193,150
19:17:11,199,138
19:17:11,206,137
19:17:11,214,148
19:17:11,222,139
19:17:11,229,136
19:17:12,238,116
19:17:12,246,117
19:17:12,255,121
19:17:12,263,105
19:17:12,271,119
19:17:12,273,108
19:17:12,274,114
19:17:12,275,111
19:17:12,275,104
19:17:12,275,102
19:17:12,274,107
19:17:12,276,105
19:17:12,277,102
19:17:12,276,101
19:17:12,276,97
19:17:12,277,95
19:17:12,276,92
19:17:12,276,93
19:17:12,276,115
19:17:12,277,114
19:17:12,266,122
19:17:12,249,117
19:17:12,224,127
19:17:12,202,135
19:17:12,185,151
19:17:12,175,162
19:17:12,172,140
19:17:12,172,166
19:17:12,173,160
19:17:12,175,140
19:17:12,179,131
19:17:12,181,136
19:17:12,184,144
19:17:12,187,141
19:17:12,193,130
19:17:12,197,137
19:17:12,203,138
19:17:12,207,145
19:17:12,211,136
19:17:12,218,127
19:17:12,227,120
19:17:12,238,119
19:17:12,248,117
19:17:12,257,111
19:17:12,265,116
19:17:12,270,106
19:17:12,272,113
19:17:12,274,110
19:17:12,275,106
19:17:12,277,108
19:17:12,278,110
19:17:12,278,104
19:17:12,279,102
19:17:12,280,109
19:17:12,279,110
19:17:12,280,101
19:17:12,279,100
19:17:12,279,94
19:17:12,280,94
19:17:12,279,128
19:17:12,272,131
19:17:12,253,117
19:17:12,228,129
19:17:12,199,132
19:17:12,174,155
19:17:12,157,163
19:17:12,148,166
19:17:12,148,181
19:17:12,149,161
19:17:12,156,153
19:17:12,165,146
19:17:12,173,148
19:17:12,180,145
19:17:12,188,148
19:17:12,197,130
19:17:12,205,139
19:17:12,214,151
19:17:12,220,132
19:17:12,227,94
19:17:12,233,124
19:17:12,240,116
19:17:12,248,110
19:17:12,256,115
19:17:12,262,108
19:17:12,267,109
19:17:12,271,110
19:17:12,271,112
19:17:12,272,114
19:17:12,273,104
19:17:12,272,100
19:17:12,273,97
19:17:12,272,95
19:17:12,273,94
19:17:12,273,93
19:17:12,273,93
19:17:12,273,93
19:17:12,273,94
19:17:12,273,133
19:17:12,273,117
19:17:12,267,130
19:17:12,251,116
19:17:12,229,133
19:17:12,202,138
19:17:12,183,173
19:17:12,170,154
19:17:12,163,144
19:17:12,163,156
19:17:12,165,149
19:17:13,171,129
19:17:13,179,137
19:17:13,185,147
19:17:13,191,142
19:17:13,198,126
19:17:13,207,136
19:17:13,216,133
19:17:13,224,147
19:17:13,233,133
19:17:13,239,124
19:17:13,246,122
19:17:13,253,119
19:17:13,263,116
19:17:13,268,118
19:17:13,272,105
19:17:13,275,117
19:17:13,277,108
19:17:13,277,105
19:17:13,278,107
19:17:13,278,104
19:17:13,277,103
19:17:13,277,100
19:17:13,278,96
19:17:13,277,94
19:17:13,277,95
19:17:13,278,122
19:17:13,277,118
19:17:13,269,126
19:17:13,254,133
19:17:13,233,124
19:17:13,211,158
19:17:13,195,137
19:17:13,184,152
19:17:13,181,143
19:17:13,180,116
19:17:13,181,157
19:17:13,181,146
19:17:13,182,133
19:17:13,183,130
19:17:13,186,132
19:17:13,191,126
19:17:13,197,136
19:17:13,202,133
19:17:13,211,154
19:17:13,217,143
19:17:13,223,129
19:17:13,229,132
19:17:13,237,124
19:17:13,246,110
19:17:13,256,109
19:17:13,264,115
19:17:13,271,108
19:17:13,274,111
19:17:13,276,115
19:17:13,278,118
19:17:13,280,106
19:17:13,283,108
19:17:13,284,101
19:17:13,284,106
19:17:13,285,103
19:17:13,285,102
19:17:13,285,100
19:17:13,285,102
19:17:13,285,128
19:17:13,280,129
19:17:13,266,128
19:17:13,247,114
19:17:13,220,138
19:17:13,196,158
19:17:13,180,168
19:17:13,169,148
19:17:13,169,167
19:17:13,169,156
19:17:13,169,162
19:17:13,172,138
19:17:13,177,134
19:17:13,181,139
19:17:13,185,140
19:17:13,192,139
19:17:13,201,143
19:17:13,210,138
19:17:13,218,136
19:17:13,223,134
19:17:13,230,89
19:17:13,236,125
19:17:13,244,110
19:17:13,253,107
19:17:13,262,123
19:17:13,270,105
19:17:13,274,113
19:17:13,276,112
19:17:13,280,109
19:17:13,281,106
19:17:13,282,106
19:17:13,284,102
19:17:13,284,99
19:17:13,284,99
19:17:13,285,96
19:17:13,284,94
19:17:13,284,95
19:17:13,284,124
19:17:13,283,131
19:17:13,276,127
19:17:13,263,126
19:17:13,240,113
19:17:13,219,145
19:17:14,201,138
19:17:14,188,154
19:17:14,182,157
19:17:14,182,168
19:17:14,181,165
19:17:14,182,167
19:17:14,183,141
19:17:14,185,138
19:17:14,189,149
19:17:14,195,151
19:17:14,202,132
19:17:14,209,147
19:17:14,218,144
19:17:14,226,142
19:17:14,231,116
19:17:14,238,133
19:17:14,245,107
19:17:14,254,109
19:17:14,262,114
19:17:14,269,128
19:17:14,274,108
19:17:14,276,113
19:17:14,278,115
19:17:14,280,106
19:17:14,282,113
19:17:14,283,105
19:17:14,284,99
19:17:14,284,102
19:17:14,284,100
19:17:14,285,96
19:17:14,285,94
19:17:14,285,96
19:17:14,284,110
19:17:14,285,125
19:17:14,283,124
19:17:14,273,124
19:17:14,257,120
19:17:14,233,133
19:17:14,208,151
19:17:14,187,141
19:17:14,172,158
19:17:14,165,156
19:17:14,164,161
19:17:14,165,176
19:17:14,167,148
19:17:14,171,140
19:17:14,175,144
19:17:14,182,153
19:17:14,187,140
19:17:14,196,134
19:17:14,206,130
19:17:14,217,142
19:17:14,225,130
19:17:14,232,116
19:17:14,239,122
19:17:14,245,114
19:17:14,252,113
19:17:14,259,113
19:17:14,264,111
19:17:14,269,111
19:17:14,272,112
19:17:14,273,109
19:17:14,275,111
19:17:14,277,104
19:17:14,277,101
19:17:14,279,102
19:17:14,281,97
19:17:14,282,96
19:17:14,281,96
19:17:14,282,94
19:17:14,281,96
19:17:14,281,137
19:17:14,280,128
19:17:14,269,125
19:17:14,251,128
19:17:14,225,137
19:17:14,202,122
19:17:14,183,154
19:17:14,171,148
19:17:14,169,153
19:17:14,168,157
19:17:14,169,158
19:17:14,171,143
19:17:14,174,137
19:17:14,176,147
19:17:14,181,142
19:17:14,189,136
19:17:14,197,143
19:17:14,207,133
19:17:14,218,144
19:17:14,227,136
19:17:14,235,124
19:17:14,244,124
19:17:14,253,116
19:17:14,264,108
19:17:14,273,120
19:17:14,278,120
19:17:14,284,116
19:17:14,286,120
19:17:14,286,106
19:17:14,287,104
19:17:14,288,98
19:17:14,287,94
19:17:14,287,94
19:17:14,287,92
19:17:14,287,124
19:17:15,287,128
19:17:15,285,116
19:17:15,281,118
19:17:15,275,125
19:17:15,266,123
19:17:15,254,116
19:17:15,239,132
19:17:15,223,133
19:17:15,209,154
19:17:15,198,146
19:17:15,191,160
19:17:15,190,165
19:17:15,190,172
19:17:15,189,157
19:17:15,191,140
19:17:15,190,139
19:17:15,191,145
19:17:15,197,141
19:17:15,202,144
19:17:15,209,101
19:17:15,217,137
19:17:15,225,136
19:17:15,233,135
19:17:15,241,104
19:17:15,251,120
19:17:15,261,118
19:17:15,271,105
19:17:15,277,112
19:17:15,282,119
19:17:15,284,115
19:17:15,287,110
19:17:15,287,110
19:17:15,287,108
19:17:15,288,100
19:17:15,288,98
19:17:15,288,95
19:17:15,288,92
19:17:15,287,91
19:17:15,287,93
19:17:15,288,122
19:17:15,288,125
19:17:15,282,126
19:17:15,271,111
19:17:15,253,125
19:17:15,231,116
19:17:15,208,126
19:17:15,190,137
19:17:15,175,158
19:17:15,169,162
19:17:15,168,165
19:17:15,168,172
19:17:15,168,152
19:17:15,171,142
19:17:15,174,156
19:17:15,181,142
19:17:15,188,152
19:17:15,197,129
19:17:15,208,136
19:17:15,218,144
19:17:15,227,136
19:17:15,234,122
19:17:15,241,125
19:17:15,250,116
19:17:15,259,123
19:17:15,266,115
19:17:15,274,121
19:17:15,278,113
19:17:15,282,106
19:17:15,285,106
19:17:15,286,107
19:17:15,288,103
19:17:15,288,99
19:17:15,288,94
19:17:15,288,92
19:17:15,288,94
19:17:15,287,90
19:17:15,287,121
19:17:15,287,129
19:17:15,284,140
19:17:15,276,122
19:17:15,263,128
19:17:15,243,115
19:17:15,218,134
19:17:15,193,148
19:17:15,172,156
19:17:15,160,148
19:17:15,156,166
19:17:15,156,182
19:17:15,157,165
19:17:15,158,125
19:17:15,164,125
19:17:15,168,143
19:17:15,176,154
19:17:15,185,152
19:17:15,195,131
19:17:15,204,143
19:17:15,216,137
19:17:15,225,134
19:17:15,233,122
19:17:15,242,119
19:17:15,251,122
19:17:15,261,121
19:17:15,270,101
19:17:15,276,111
19:17:15,280,115
19:17:15,283,109
19:17:15,285,114
19:17:15,286,119
19:17:16,287,106
19:17:16,289,115
19:17:16,289,112
19:17:16,289,109
19:17:16,289,103
19:17:16,288,100
19:17:16,289,112
19:17:16,289,114
19:17:16,288,120
19:17:16,279,126
19:17:16,264,135
19:17:16,239,131
19:17:16,208,118
19:17:16,183,153
19:17:16,166,146
19:17:16,158,139
19:17:16,157,166
19:17:16,158,166
19:17:16,159,141
19:17:16,163,126
19:17:16,167,122
19:17:16,170,153
19:17:16,177,151
19:17:16,185,140
19:17:16,193,138
19:17:16,205,140
19:17:16,217,142
19:17:16,224,132
19:17:16,234,127
19:17:16,243,128
19:17:16,251,117
19:17:16,262,117
19:17:16,270,105
19:17:16,274,114
19:17:16,278,118
19:17:16,282,114
19:17:16,283,101
19:17:16,284,107
19:17:16,285,102
19:17:16,285,97
19:17:16,285,94
19:17:16,285,91
19:17:16,285,91
19:17:16,285,100
19:17:16,284,109
19:17:16,285,117
19:17:16,284,114
19:17:16,279,122
19:17:16,272,117
19:17:16,260,124
19:17:16,241,120
19:17:16,219,135
19:17:16,200,138
19:17:16,185,142
19:17:16,179,153
19:17:16,177,155
19:17:16,178,146
19:17:16,181,143
19:17:16,187,131
19:17:16,193,128
19:17:16,201,141
19:17:16,211,128
19:17:16,220,140
19:17:16,229,139
19:17:16,236,134
19:17:16,243,131
19:17:16,246,120
19:17:16,249,108
19:17:16,253,124
19:17:16,255,113
19:17:16,258,110
19:17:16,260,112
19:17:16,261,110
19:17:16,261,102
19:17:16,261,96
19:17:16,260,94
19:17:16,261,93
19:17:16,261,93
19:17:16,260,94
19:17:16,261,92
19:17:16,261,98
19:17:16,260,108
19:17:16,261,128
19:17:16,261,130
19:17:16,259,110
19:17:16,258,107
19:17:16,254,122
19:17:16,252,117
19:17:16,250,123
19:17:16,247,126
19:17:16,246,109
19:17:16,244,112
19:17:16,243,128
19:17:16,243,95
19:17:16,243,94
19:17:16,243,96
19:17:16,244,91
19:17:16,242,95
19:17:16,244,96
19:17:16,244,94
19:17:16,244,94
19:17:16,244,102
19:17:16,245,100
19:17:16,245,120
19:17:16,245,100
19:17:16,246,117
19:17:16,246,117
19:17:16,247,116
19:17:16,247,108
19:17:17,248,119
19:17:17,247,112
19:17:17,247,112
19:17:17,247,111
19:17:17,247,111
19:17:17,247,109
19:17:17,247,106
19:17:17,247,104
19:17:17,246,106
19:17:17,246,106
19:17:17,245,104
19:17:17,244,106
19:17:17,243,104
19:17:17,240,103
19:17:17,238,104
19:17:17,237,103
19:17:17,235,102
19:17:17,234,104
19:17:17,234,104
19:17:17,233,104
19:17:17,233,110
19:17:17,233,111
19:17:17,234,110
19:17:17,233,101
19:17:17,233,97
19:17:17,233,105
19:17:17,233,103
19:17:17,233,97
19:17:17,233,108
19:17:17,233,109
19:17:17,233,102
19:17:17,233,105
19:17:17,234,111
19:17:17,233,108
19:17:17,233,118
19:17:17,233,109
19:17:17,234,122
19:17:17,234,103
19:17:17,233,109
19:17:17,233,100
19:17:17,233,107
19:17:17,233,108
19:17:17,234,98
19:17:17,233,99
19:17:17,234,97
19:17:17,233,95
19:17:17,233,95
19:17:17,233,96
19:17:17,234,94
19:17:17,233,95
19:17:17,233,94
19:17:17,233,94
19:17:17,233,94
19:17:17,233,94
19:17:17,234,92
19:17:17,233,93
19:17:17,233,92
19:17:17,233,92
19:17:17,233,92
19:17:17,233,92
19:17:17,234,93
19:17:17,233,92
19:17:17,233,92
19:17:17,233,92
19:17:17,233,93
19:17:17,233,93
19:17:17,233,93
19:17:17,233,92
19:17:17,233,93
19:17:17,233,94
19:17:17,232,93
19:17:17,233,92
19:17:17,233,94
19:17:17,233,92
19:17:17,232,94
19:17:17,232,94
19:17:17,232,94
19:17:17,232,93
19:17:17,231,93
19:17:17,232,94
19:17:17,233,93
19:17:17,232,93
19:17:17,232,93
19:17:17,232,93
19:17:17,232,93
19:17:17,232,93
19:17:17,232,93
19:17:17,231,93
19:17:17,232,93
19:17:17,232,94
19:17:17,232,93
19:17:17,231,94
19:17:17,232,93
19:17:17,232,94
19:17:17,232,93
19:17:17,232,93
19:17:17,232,94
19:17:17,232,97
19:17:17,232,98
19:17:17,232,98
19:17:17,232,111
19:17:17,232,112
19:17:17,232,104
19:17:17,233,111
19:17:17,232,103
19:17:17,231,111
19:17:17,233,115
19:17:17,232,106
19:17:17,232,106
19:17:17,233,119
19:17:17,232,118
19:17:17,233,114
19:17:17,233,110
19:17:18,232,114
19:17:18,233,104
19:17:18,233,109
19:17:18,232,108
19:17:18,233,105
19:17:18,232,117
19:17:18,232,104
19:17:18,232,106
19:17:18,233,104
19:17:18,232,108
19:17:18,233,112
19:17:18,233,113
19:17:18,232,112
19:17:18,232,109
19:17:18,232,108
19:17:18,233,107
19:17:18,232,107
19:17:18,233,109
19:17:18,233,109
19:17:18,233,105
19:17:18,233,102
19:17:18,235,102
19:17:18,236,103
19:17:18,235,102
19:17:18,236,101
19:17:18,235,101
19:17:18,236,100
19:17:18,236,101
19:17:18,236,100
19:17:18,236,101
19:17:18,237,100
19:17:18,237,100
19:17:18,236,100
19:17:18,235,101
19:17:18,237,98
19:17:18,237,100
19:17:18,237,99
19:17:18,237,99
19:17:18,237,99
19:17:18,238,100
19:17:18,238,100
19:17:18,238,97
19:17:18,238,95
19:17:18,238,96
19:17:18,239,96
19:17:18,238,94
19:17:18,239,96
19:17:18,239,99
19:17:18,239,99
19:17:18,238,97
19:17:18,239,96
19:17:18,238,95
19:17:18,238,95
19:17:18,238,95
19:17:18,238,95
19:17:18,239,94
19:17:18,239,93
19:17:18,238,93
19:17:18,238,93
19:17:18,239,93
19:17:18,239,94
19:17:18,239,93
19:17:18,239,93
19:17:18,239,93
19:17:18,239,92
19:17:18,239,93
19:17:18,239,94
19:17:18,238,93
19:17:18,239,93
19:17:18,239,91
19:17:18,239,93
19:17:18,239,92
19:17:18,239,91
19:17:18,239,92
19:17:18,238,92
19:17:18,239,91
19:17:18,238,90
19:17:18,239,90
19:17:18,239,91
19:17:18,238,91
19:17:18,239,90
19:17:18,238,91
19:17:18,239,90
19:17:18,239,91
19:17:18,238,91
19:17:18,239,91
19:17:18,239,90
19:17:18,239,91
19:17:18,239,91
19:17:18,239,90
19:17:18,239,91
19:17:18,238,91
19:17:18,238,91
19:17:18,238,90
19:17:18,238,90
19:17:18,238,90
19:17:18,238,91
19:17:18,238,90
19:17:18,239,91
19:17:18,239,92
19:17:18,238,93
19:17:18,239,96
19:17:18,239,94
19:17:18,239,97
19:17:18,239,96
19:17:18,239,94
19:17:18,238,101
19:17:18,238,105
19:17:18,238,106
19:17:18,239,104
19:17:18,238,95
19:17:18,239,104
19:17:18,240,103
19:17:18,240,104
19:17:19,241,108
19:17:19,242,106
19:17:19,242,102
19:17:19,243,104
19:17:19,243,115
19:17:19,243,105
19:17:19,245,104
19:17:19,245,109
19:17:19,246,123
19:17:19,247,112
19:17:19,249,110
19:17:19,252,112
19:17:19,254,116
19:17:19,257,118
19:17:19,260,116
19:17:19,263,114
19:17:19,265,102
19:17:19,270,103
19:17:19,273,115
19:17:19,276,117
19:17:19,279,116
19:17:19,282,111
19:17:19,285,108
19:17:19,287,110
19:17:19,289,114
19:17:19,290,126
19:17:19,291,120
19:17:19,292,126
19:17:19,292,124
19:17:19,292,120
19:17:19,293,114
19:17:19,293,111
19:17:19,293,110
19:17:19,292,108
19:17:19,292,105
19:17:19,292,104
19:17:19,293,103
19:17:19,292,102
19:17:19,292,101
19:17:19,292,101
19:17:19,292,100
19:17:19,293,100
19:17:19,293,101
19:17:19,293,101
19:17:19,293,102
19:17:19,293,109
19:17:19,294,110
19:17:19,292,114
19:17:19,293,120
19:17:19,293,85
19:17:19,293,80
19:17:19,293,80
19:17:19,293,80
19:17:19,293,80
19:17:19,293,78
19:17:19,293,78
19:17:19,293,77
19:17:19,293,78
19:17:19,293,78
19:17:19,293,78
19:17:19,293,78
19:17:19,293,79
19:17:19,293,79
19:17:19,293,79
19:17:19,293,78
19:17:19,293,78
19:17:19,293,79
19:17:19,293,80
19:17:19,293,79
19:17:19,294,79
19:17:19,294,79
19:17:19,293,80
19:17:19,293,81
19:17:19,293,80
